date,LDI_CORP,LDI_TSY,LDI_STRIPS,EQ_CORE,CASH,MOM_EQ,BAB_EQ,MOM_CMD
2011-01-31,,,,,,,,
2011-02-28,0.017533943575719357,0.007499192497350871,0.027037676555278,0.034737551459944394,0.0,,,0.019330815110965016
2011-03-31,-0.0063075289610222685,-0.002052908648492724,-0.0012186557663521613,0.00012002708365232984,0.0,,,-0.021160927822466036
2011-04-30,0.027159308010330285,0.019280219018396716,0.031186167998017655,0.028961152483110375,0.0,,,-0.004966361319348134
2011-05-31,0.027410988985715035,0.028431807188034286,0.057290472017777594,-0.011214136079299997,0.00021817704431570384,,,-0.018916885312225906
2011-06-30,-0.021191067613172132,-0.013729117630596699,-0.04341274886258639,-0.016869637841328777,0.0,,-0.011637191602505759,-0.024325042799353436
2011-07-31,0.039286334031800596,0.039373796235867786,0.059928817415608515,-0.02000479324393456,0.0,,-0.023381892236843727,-0.001000000000000223
2011-08-31,0.01236966469613554,0.06527687282688066,0.16371178079832527,-0.05497528916990102,0.0,,0.0007034314900578043,0.0
2011-09-30,0.03395856374132178,0.05056135976958065,0.23764282328588582,-0.06942117821925353,-0.0002181294534763234,,-0.021425914332634743,-0.11162347246832649
2011-10-31,0.03384132312746191,-0.020468478202908424,-0.06677445524739078,0.10914721548841655,-0.00043624989711088524,,0.05950395917030371,0.0587118747477946
2011-11-30,-0.032817795940597416,0.011332918854658258,0.03456083211657779,-0.004063737214547447,0.000218063791580958,,0.010450659965574483,0.01667269395230697
2011-12-31,0.04319604760347495,0.02365508619043566,0.05426045101578647,0.010448705374307865,-0.00017455890008089003,,0.031178115699267428,-0.0011744545585475885
2012-01-31,0.01655154367594447,0.00571636257193342,-0.015253264112651932,0.046374396123925354,-0.0002179500809885715,,-0.005518282550036946,-0.00021899222301380306
2012-02-29,0.012747545854552733,-0.014646722103541898,-0.03281102031184424,0.04340509049772101,0.00021799759358187565,,0.018219780348800674,0.0002190401911126294
2012-03-31,-0.03733368875710219,-0.026129793487209563,-0.06627900599175085,0.03216402789900763,-0.0002179500809885715,,0.028704278276349582,-0.00021899222301380306
2012-04-30,0.02237886433059244,0.03567573524202827,0.06716221165470238,-0.006675889107680577,0.00021799759358187565,,0.010653603087087848,0.0002190401911121853
2012-05-31,0.029496860673023706,0.04918439649833406,0.14084226717336623,-0.06005550801422821,0.0,,-0.015438216827340145,0.0
2012-06-30,0.009793936017684857,-0.009806071838164843,-0.022255846358084308,0.04058105028748282,-0.0004365255567576609,,0.04167518113586266,-0.0004371505870157666
2012-07-31,0.05421281363482322,0.021439285270996145,0.058143898681096484,0.011829357767479731,0.0,,0.020279208961065498,0.0
2012-08-31,-0.0016873684969140879,-0.005170191367904975,-0.025395172733549187,0.02505286683800767,0.0,,-0.008605873742894454,0.0
2012-09-30,-8.294677861986344e-05,-0.010019761151163875,-0.040295142085235214,0.025350745805337915,0.0,,0.016965300572071573,0.0
2012-10-31,0.013125465856766327,-0.003222760502635924,-0.003920143303123291,-0.018197844215056103,0.0002186709312190782,,7.967612393366963e-05,0.00021825377376738508
2012-11-30,-0.007405970613753476,0.011611320257023383,0.017830429176956653,0.0056594511094940625,-0.0002186231246967818,,-0.0019675852819309725,-0.0002182061494515608
2012-12-31,-0.005878326602058892,-0.01697943569357152,-0.035945211007652356,0.008934180565967287,0.0,,-0.006955837554962985,0.0
2013-01-31,-0.02271511197246201,-0.01994661176603507,-0.0502587111045284,0.05119051257096108,0.0,,0.048571934439639364,0.0
2013-02-28,0.01733910778905634,0.011793174336564904,0.015521252654600692,0.012758633812404385,0.0,,0.02829382160865146,0.0
2013-03-31,-0.010951294585502924,0.003730006825549248,-0.007010389827659447,0.03797125932760159,0.0,,0.04891313164224642,0.0
2013-04-30,0.04499787731685134,0.024770836733903234,0.07324190744154313,0.019212472212893683,-0.00021794098533522988,,0.037708743729605754,-0.00021794093988225516
2013-05-31,-0.05805057897928778,-0.04340785079521825,-0.09772009727726949,0.023609264922501705,0.0002179884939623733,,-0.03610397041647684,0.0002179884484896366
2013-06-30,-0.04421490702505393,-0.029673053769246005,-0.04565003209949081,-0.013344440534245772,-0.00021794098533522988,,0.00784183295648977,-0.00021794093988225516
2013-07-31,0.009834820266833022,-0.009326412557412955,-0.03612109092926208,0.05167684706065434,0.0,,0.04188729778427702,0.0
2013-08-31,-0.014606448929381455,-0.009697548904491038,-0.011396593019588397,-0.029992386860284825,0.0,,-0.05041175913568918,0.0
2013-09-30,0.005719412293797799,0.014341311416248281,-0.0040909331029218565,0.03164715772534299,-0.0002179884939623733,,0.020403907883459693,-0.00021830135056877253
2013-10-31,0.025023463461454565,0.010131580677827934,0.01888743435794682,0.04630664662272421,-0.00021866196404340954,,0.04642058807505589,-0.00021866198685482896
2013-11-30,-0.009287774156900408,-0.018114694132733478,-0.04366643595623931,0.029637538641711814,-0.00021860544128249337,,0.011071672449859182,-0.00021808373267540038
2013-12-31,0.0084652235598075,-0.018352407788480685,-0.020093955702813915,0.025926353701177796,0.0,,0.011264363232051267,0.0
2014-01-31,0.036510554105525284,0.040853351135031524,0.09710521841982467,-0.03524820485574853,0.0,,-0.02572979649112639,0.0
2014-02-28,0.013807542414283391,0.005333583321038837,0.0034904935666517645,0.045515534856976236,0.0002186532400705321,,0.03794386976369535,0.00021813130356407306
2014-03-31,0.008389608716388608,0.0003729072480904705,0.01923908073452374,0.008295600553498428,-0.00021860544128249337,,0.021307166475134975,-0.0002180837326750673
2014-04-30,0.0258740780887996,0.011311830947438262,0.029444448532929046,0.006951846832163433,0.0,,0.018540889310761255,0.0
2014-05-31,0.018616047521286427,0.02175832079487705,0.040986616774087326,0.023206216205397423,0.0,,0.010720043356195363,-0.05429703247783901
2014-06-30,0.0007437100956841913,-0.0028543650268110232,-0.002564515563316605,0.02064451824526703,-0.0002181313946287844,,0.022089400450252317,-0.0012188618868774759
2014-07-31,0.0009557765810939145,0.0006355697770998869,0.01479881437417685,-0.01343708139032973,-0.00021880533747231645,,-0.03999420739554016,-0.0668436549115845
2014-08-31,0.03256351210660391,0.02666824758302977,0.06971460752858016,0.03946325267710171,0.00021885322372572347,,0.038487862661110706,-0.0007815644579060033
2014-09-30,-0.029645269580701683,-0.013023371974242304,-0.02969609386343275,-0.013796158895570954,0.0,,-0.008622912751350187,0.0
2014-10-31,0.022972891340992563,0.018002979274443165,0.04193688318381272,0.02355061003450687,-0.00021880533747231645,,0.04886498315993859,-0.00021838783842809129
2014-11-30,0.006027569829672785,0.01214512915689081,0.04340590117017573,0.02747199252956034,0.0,,0.028853307147885587,0.0
2014-12-31,0.0177637562687305,0.014233454489475328,0.041600206709101695,-0.0025364612949400067,-0.00021885322372572347,,0.011872971775887642,-0.0002186443714841113
2015-01-31,0.056373998244000356,0.04949256784533951,0.14248820490313463,-0.029629581030784058,-0.0002183789431315919,,-0.005677857168716716,-0.00021879662482970907
2015-02-28,-0.03190762879543729,-0.02880883939127976,-0.09117192267953933,0.05620472096723694,0.0,,0.01461401323535716,0.0
2015-03-31,0.00184221953617425,0.009110401394424539,0.014458950595162667,-0.015705407830158724,0.0,,-0.003495138910971529,0.0
2015-04-30,-0.0203920706132934,-0.01098821594957522,-0.056159128369661415,0.009834135108374609,-0.00021863556365986359,,-0.020399064292381697,-0.00021842666572791103
2015-05-31,-0.028553212550232687,-0.005133739332992215,-0.036401985356941724,0.012855596832589189,-0.00021910130849556175,,0.009397293503070392,-0.00021910128560320707
2015-06-30,-0.036807386729412306,-0.019944117286392227,-0.06090194794646908,-0.020311769703492355,0.0,,-0.017130059547146193,0.0
2015-07-31,0.02770226587376068,0.024977694007647155,0.07037634702812823,0.022589467411987973,0.0,,0.04289388208499334,0.0
2015-08-31,-0.02118355232446556,-0.0053545375242509685,-0.00790002926817479,-0.06095048507763745,0.0,,-0.050107648359860035,0.0
2015-09-30,0.014110061151544562,0.018323935171717043,0.022112444248257868,-0.025515821666732053,-0.00043694006929595464,,-0.0036481579477883885,-0.0004372535419470136
2015-10-31,0.00958052959693556,-0.00776451384361132,-0.004051275311921176,0.08505968383033036,-0.0002193496731762723,,0.0687958019286583,-0.0002184087526602152
2015-11-30,-0.0026106181655041194,-0.003971884999587005,-0.014322150727178795,0.003655244843787875,0.0002193977980116113,0.010313171372404284,0.01065649379192024,0.00021845646546436726
2015-12-31,-0.012809255654092744,-0.0036122485905546453,-0.007363414635360166,-0.01728242933242463,-0.0002193496731762723,-0.021158263793572663,-0.0015731536223254627,-0.0002184087526602152
2016-01-31,-0.004039556362553598,0.03703111799174574,0.08427549883065732,-0.049786868802908835,0.0002193977980116113,-0.03992226864214954,-0.01756248767440416,0.00021845646546436726
2016-02-29,0.01043715192331418,0.01857423690190174,0.04073661220013958,-0.0008259245379658164,0.0,-0.0020187014532981884,0.009885943592599533,0.0
2016-03-31,0.0638675237509625,0.0012941575169600483,-0.0019154756069863499,0.06726600679594585,0.0,0.05380227987866437,0.05991345892670119,0.0
2016-04-30,0.023221645872812946,-0.003764490788091157,-0.011041821517735029,0.003941235084456984,0.00043713106937559587,0.0049902652554663085,-0.007968667670382401,0.000437444816242305
2016-05-31,-0.003289146789610342,0.0029100914562742997,0.01020836313398199,0.017011842129951438,0.0,0.00038222615486072087,0.01678399368471739,0.0
2016-06-30,0.04737189765705074,0.04183742313101724,0.09719523515499406,0.0034754931481246754,-0.0002183132754746131,-0.005641024882227619,0.05740806009981281,-0.000218208746554871
2016-07-31,0.025504965110951128,0.006571599303931253,0.03352135663964684,0.036471554031519915,0.0004375581246212068,0.048459268548857404,0.0022347153543189613,0.01884656031160903
2016-08-31,0.001588506589259353,-0.011194055929659386,-0.014710820371391264,0.0011973002661092025,0.0,0.0,-0.019058075198870372,-0.001000000000000112
2016-09-30,-0.004472557664046972,-0.0031593773426771277,-0.023323135692429053,5.793105857931913e-05,0.00021868337562280793,0.004960045088738596,-0.008917524163400081,0.0002184743863595795
2016-10-31,-0.024881655599035324,-0.022790337279468775,-0.06184530422111678,-0.017336863270103864,0.00021842664291105152,-0.018620995159685294,-0.023239164821438396,0.00021884450726927795
2016-11-30,-0.048949545230236424,-0.05244745548598373,-0.11489481452673089,0.036838367118307014,-0.0004369667613880468,-0.0062501803828376445,0.0052611716780301965,-0.0004371754995404764
2016-12-31,0.021434915075056127,-0.0029820923579749747,-0.003560814168437121,0.020272091601169162,0.00021868337562280793,0.03328559644812468,0.025923568842171285,0.000218265419945185
2017-01-31,0.0014545244379369215,0.004589026746255387,0.012520512466477118,0.017894330988684315,0.0004378978895662744,0.00913095071902692,0.007588679655031072,0.0004377935663879562
2017-02-28,0.018159827696691,0.010941824595767757,0.019496615399731354,0.039291695064984866,0.000502756546798544,0.039842591833903374,0.04352241584155325,0.010484109359151006
2017-03-31,-0.006519942689510394,-0.0015524572636212985,-0.009681682954187809,0.0012497671532210042,-0.00017470229382854363,-0.01878677651218119,-0.0002738552071122058,-0.0011749109999400487
2017-04-30,0.011899436003330432,0.012957484440039302,0.01844327067244511,0.00992631169706848,0.000743606099198324,0.026118037325028487,0.010369634529552307,0.0007440236985325477
2017-05-31,0.024698108862341472,0.009400161486612824,0.03197896501655206,0.014112852430425704,0.00015353380690297236,0.01854911126349501,0.02726889583761105,0.00015353375886095755
2017-06-30,0.0115030838786363,-0.0030264845822602915,0.012513680106071456,0.006374869322960608,0.0010288940265223978,0.015336386410257585,-0.003075067285145283,0.001028580844181004
2017-07-31,0.007807866749661274,0.0009907518789302738,-0.01260098346351135,0.020554212318572462,0.0003276450199050096,0.023263591182520083,0.013729651843655155,0.00032795755887482514
2017-08-31,0.011660787523183558,0.020945638355058582,0.048892188865445885,0.0029179440468185547,0.0011383106844569113,0.010642647373942049,0.007603674925854342,0.0011377896013007316
2017-09-30,0.00011668420735122531,-0.01678462654389523,-0.03369718600723692,0.02014925230199416,0.0007218441761145389,0.012117412680816564,0.007774280408862078,0.0007220523805779866
2017-10-31,0.0070859062042922805,-0.0008955187162752454,0.0009419796385177204,0.023563920913943548,0.0007000133162615718,0.07779548946179027,0.01798393662527631,0.0006999093641801846
2017-11-30,0.001698253902917779,-0.0014792124302210885,0.01352199876555682,0.03056609131565735,0.0005469248539793359,0.026135480877258477,0.03882040726587621,0.0005469249107936669
2017-12-31,0.022038799473640625,0.005769951980061361,0.03164256588742265,0.012128044750453704,0.0007435773274737656,0.01011757733152474,-0.009026479288183564,0.0007440965176346293
2018-01-31,-0.010966554816400298,-0.026027842978752158,-0.04273050597584027,0.05635924628028888,0.0013127947796955919,0.07294378821189818,0.024404561254272927,0.0013126904895144342
2018-02-28,-0.038084229292488336,-0.01565062508250603,-0.04291180639304837,-0.036360845012587184,0.0008313619914228632,-0.005010535551821738,-0.043295036983689306,-0.04799535271109501
2018-03-31,0.009424505772949177,0.017616384550555253,0.04111951824214666,-0.02740998321346788,0.001301806192684385,-0.03954312752120892,0.008892108038838664,0.0003013914256413397
2018-04-30,-0.02470389331057732,-0.016051890804509972,-0.027661240319369562,0.00516788590074202,0.0010390570696667822,0.01414012122549213,-0.006100033646060377,0.053239880051231925
2018-05-31,0.005076540360048121,0.011956327490157959,0.023332899061739854,0.024309074282973686,0.0014982006822565896,0.03953165793475555,0.006519326212031995,-0.018115941778598432
2018-06-30,-0.011078193892657517,0.002709732743462645,0.0135345679787513,0.005750894380172733,0.0014872967716006436,-0.00011884347930390948,0.014482580493037522,0.11143912971413372
2018-07-31,0.02171569772831372,-0.008853812312783038,-0.02214100687501086,0.03704655465491591,0.0013884985896195357,0.03535765651595635,0.03542704395062479,-0.051792872836145976
2018-08-31,-0.0032426640018470287,0.01185007102454172,0.01649104093284648,0.03191957868481565,0.0015862711552949715,0.04457779766845582,0.017695636238142187,0.0005858603204833557
2018-09-30,-0.002753962170265911,-0.018422366905293752,-0.041033339656412204,0.0059457462233267755,0.0013991615502848553,0.013667475133670282,-0.003598684995753665,0.054064610300214255
2018-10-31,-0.035837697638689714,-0.010824840568994354,-0.046078948705842726,-0.06910412070953664,0.0017059085088018122,-0.09806351961774418,-0.02915533019190364,0.0007062166076945431
2018-11-30,-0.008219850050635746,0.016579776185753792,0.02183395172908531,0.018548751974827526,0.0018595989963958726,0.015863931942249332,0.0468402165238575,0.001859291946090691
2018-12-31,0.028274841998212175,0.040926407175387425,0.08078320284959628,-0.08804816306369823,0.0018271338312958463,-0.08735393354168397,-0.06795490534706616,0.0018276451920571368
2019-01-31,0.04026805001094691,0.004419164013544474,0.0017630556187466784,0.08006563425976232,0.001748952729022868,0.09155784247636944,0.06657054384982941,0.0017495642150335833
2019-02-28,-0.004791333855648228,-0.008010481447523587,-0.017684472574965193,0.03241607675437841,0.0018487129604642938,0.03932069234854807,0.04021680755896617,0.0018482024765056337
2019-03-31,0.04514948164966626,0.03886295630223158,0.07501064758260245,0.018100129108264307,0.001749586862176633,0.02815818635647016,0.022862541880290355,0.0017498911525433147
2019-04-30,0.0017765316850926194,-0.011844837558590449,-0.029957161310184666,0.04085271387734113,0.001925454492157419,0.01033670349696214,0.023392259509440017,0.0019246418771441398
2019-05-31,0.0238134311364524,0.04628269068778623,0.0974047484584406,-0.06377124845756132,0.002121289489706024,-0.0247711827829038,-0.009688871730713311,0.002121998568124228
2019-06-30,0.043048152263249984,0.011920773375075688,0.00742873404644806,0.06958664512277424,0.001815856860170939,0.04826504658976938,0.03704027066283411,0.001815249815813047
2019-07-31,0.008606029245511015,0.0030594316688772327,0.004408992089691477,0.015119153762057858,0.0018040950972195713,0.008610898166077074,0.011286628976090674,-0.0009248516077001723
2019-08-31,0.056970598262148675,0.06650793724097137,0.15466016718286868,-0.016743229569614382,0.001695056173396603,-0.00382711347672382,0.023485549174392162,0.0006947536920054453
2019-09-30,-0.010769209670447588,-0.018032295746167493,-0.03498896361577952,0.01945760713790401,0.0016184309399460695,0.0030812781232301134,0.022256688409631353,-0.0349478600543478
2019-10-31,0.002827539499445253,-0.004892790623838739,-0.01988689029236901,0.022104910520698073,0.0016071880028731833,-0.002685620235528985,-0.003898102185023511,0.000607789784645929
2019-11-30,0.010209999069155762,-0.007629655527805812,-0.0007941903484470769,0.036198371802549145,0.0010825602429549441,0.019689139066429995,-4.739293382061138e-05,-0.03308588289288572
2019-12-31,0.0018124622593760353,-0.019889916944249353,-0.045615778686825315,0.029055269419312024,0.0011161085023554396,0.019828884802430835,0.01725390950991157,0.0001163087231468296
2020-01-31,0.03837755123413511,0.05744727450838116,0.10316979678492055,-0.0004041179883058632,0.0012031138641632744,0.030064834919658612,0.029921983623008686,0.001202813914942924
2020-02-29,0.013562010856351892,0.04793860842917108,0.08236296446371205,-0.0791653676244406,0.0011811046023251226,-0.08292804868195403,-0.09514706045449017,0.0011817037756722826
2020-03-31,-0.08423216516361165,0.05644953221098614,0.08028342376239084,-0.12487149522544794,0.0020447530517999635,-0.0854653401704254,-0.13122918725749122,0.0020446525312083352
2020-04-30,0.05592708887890607,0.00461186149931514,0.023605795827339904,0.126983580728542,-0.00019611782233397435,0.11109244163070509,0.06680584822428415,-0.00019661527207148755
2020-05-31,0.020442415758264998,-0.004316488115509665,-0.0322672762018823,0.04764503076506532,-0.00017535636054943904,0.06797263208199622,0.0032739677626845154,0.02488161543682077
2020-06-30,0.02525271667194917,0.0017957895028863913,0.004719921705217844,0.01773461459376935,0.0,0.025743921331935482,-0.0038542825375982304,0.02737702630176453
2020-07-31,0.05717857837949625,0.027995573283136066,0.06286917462033847,0.05889226369388645,0.00010979114002429569,0.07664313218084606,0.07441182482560116,0.1079046309701368
2020-08-31,-0.0383752764636528,-0.036557710571815005,-0.0673044112915685,0.06979677232908776,0.0,0.08492653400130523,0.028445481007230544,-0.0032356731296193653
2020-09-30,-0.0031807357309283635,0.0076261218085875715,0.010744630208196604,-0.03744374681658469,-0.00021876195265846388,-0.02019211743051086,-0.017654152289645397,-0.04171404337762541
2020-10-31,-0.008713931515349715,-0.028082709654757565,-0.04492366360647526,-0.02493340899992169,0.00010900671192648481,-0.04283719715708201,-0.028751356704895148,-0.0051942084141127776
2020-11-30,0.06107622497085785,0.010588051784544472,0.024197670120504,0.10877660958923152,-0.00010899483075843541,0.07694556911186856,0.061956927166566755,-0.0011089947873613726
2020-12-31,-0.001891462420970269,-0.010565433705432059,-0.017776875685514226,0.03704837155359675,3.2652238823649427e-05,0.030200212922103953,0.020391672263932348,3.255267635249304e-05
2021-01-31,-0.028090105434813828,-0.029707864166953035,-0.047013033810850646,-0.010190453577814118,0.0,0.0017955352313119288,-0.018216308056304253,0.0
2021-02-28,-0.033546509693574866,-0.052574421196714405,-0.0774423888056428,0.02780561989883079,-0.0001092022452459096,-0.014413461170176833,-0.011648954934725397,-0.00010910266640540289
2021-03-31,-0.02467946611778815,-0.04049963280119129,-0.06265855243508633,0.04539909117829111,-0.00010881594315848009,0.016512680231015153,0.07030804572859561,-0.02180912368755672
2021-04-30,0.016430794659821002,0.01919990241252023,0.02879928044456448,0.052910502048574726,0.0,0.05363413239557535,0.040777216777720504,-0.0009999999999996678
2021-05-31,0.00709204278382658,0.0005824220857140183,-0.0010898039405717874,0.0065661350308166,-0.00010992303296764039,-0.007875444266765008,0.011247000440337107,0.029007033139087257
2021-06-30,0.04014123634284017,0.03184314390407028,0.054784765139105795,0.022427687258031792,-0.00021817739325713514,0.07175176986373066,-0.0007631003541800352,0.05017319176788493
2021-07-31,0.021974750388077613,0.03331257641205476,0.049684404520133896,0.02441242436264468,-0.00010956070539569485,0.022278722353230807,0.03668609246942589,0.008355577644708623
2021-08-31,-0.004165840786565234,-0.0021388942122055887,-0.0028296216839037713,0.029759787934295456,-0.00010957271025902049,0.04592740348462154,0.017865605742728885,-0.052217310299569886
2021-09-30,-0.02247095872863214,-0.025561775574540535,-0.038385477900563236,-0.04660540810391256,0.00010958471775368572,-0.04789836177402795,-0.05085793789835702,0.09408826751921917
2021-10-31,0.01735024179380762,0.006461714127538931,0.03527563895091568,0.07016345921938205,-0.00010957271025902049,0.07369897510679846,0.04689819706555021,0.08732876774467413
2021-11-30,0.003621489925743404,0.021664476052955406,0.036036925948178755,-0.008034845540137003,-0.00021817321080030982,-0.029108907935536443,-0.013466679974714735,-0.16167981507896712
2021-12-31,-0.008167790679245224,-0.013242076396506097,-0.027221947656469347,0.04624786083031607,0.0,0.02662987131362682,0.0971161968515557,-0.001000000000000112
2022-01-31,-0.05017003123571784,-0.03254644171011156,-0.047285583819713484,-0.05274131324226283,0.0,-0.0636545590754587,-0.04625484416178749,0.0
2022-02-28,-0.03136341982563484,-0.00959025883187703,-0.025191257888406704,-0.02951705356871248,-0.0002189183302101494,-0.020392916233265557,-0.022954709650737204,0.07902566983562931
2022-03-31,-0.03289395947056206,-0.05076530938829005,-0.06383619360055737,0.03759038646900881,0.0004596597262234159,0.035556553506958855,0.05435441058086021,0.07139440686538179
2022-04-30,-0.09969699294536316,-0.07797854014218553,-0.12590332678503469,-0.08776896103095588,-0.00010958226146107197,-0.08527417287743888,-0.024348431466212017,0.00933182309796643
2022-05-31,0.01820444189062953,-0.012917072271683039,-0.040343930599901934,0.0022572913461291755,0.00032788613274803424,0.015555220285194293,-0.005262811230999143,0.051703383650777424
2022-06-30,-0.046415213686148205,-0.01425116003371274,-0.014177506603862411,-0.08246048516383897,0.0007772666825494046,-0.08189693361667105,-0.0426886138895376,-0.06655964954651217
2022-07-31,0.05457857829688639,0.029556594705546724,0.02389772413633695,0.09208732504682349,0.00036036606265299476,0.07907921545854557,0.04238954961823316,-0.02912471021830898
2022-08-31,-0.05470297537155433,-0.04555948351122552,-0.051473477684952806,-0.04080208530238316,0.0019372771094190444,-0.029545666555396366,-0.018630819126610687,0.0009370775607007165
2022-09-30,-0.08490078871971374,-0.07135901810862466,-0.10200897569454492,-0.09244578079942167,0.002067973957448954,-0.0697506699843693,-0.08329879653949546,0.0020673779945632464
2022-10-31,-0.02050530661944694,-0.04069874235667159,-0.09087764688984301,0.08127563769452162,0.0015853092888977738,0.13580357988520753,0.06970305690655199,0.0015859046027597579
2022-11-30,0.09915279740862748,0.06491250816787897,0.10075442552791603,0.05559159019349047,0.0031518486875194984,0.031676671806943446,0.05684955644789569,0.003151551582171619
2022-12-31,-0.024796147312718952,-0.017187170421802067,-0.030274548381605815,-0.05762815944270527,0.003625678569649793,-0.03163063735455285,-0.01709257984704804,0.0036261723866317652
2023-01-31,0.07687214976941914,0.06202645536894291,0.10177488924345823,0.06288721413461151,0.002842681473359754,-0.0045789078999137756,0.0006204716476450045,0.002842287579168934
2023-02-28,-0.0581483753035581,-0.04656765520794304,-0.06366418133658802,-0.02514249649829181,0.00345761557295865,-0.045647844903313084,-0.03344303058171694,0.00345741994066584
2023-03-31,0.045946915012784695,0.05147194059313831,0.05956693241998012,0.03707760987406772,0.003991065216595313,0.017649349265368874,0.015501726616762523,0.003991261681622449
2023-04-30,0.0070394137701716986,0.004046986031810862,0.001602642297332979,0.01597491903384407,0.003630219650415434,0.02897499227044298,0.026595506304886163,0.0036302200034896703
2023-05-31,-0.02863033565190498,-0.02611680251516535,-0.04232884560886352,0.004616277344481334,0.0037516939507737934,-0.05507024519331216,-0.05227577388183746,0.0037518881302396334
2023-06-30,0.01835861258083482,-0.0018022384163626226,0.010092937476985142,0.06479971073208612,0.004606389821145251,0.060438778482687416,0.04053055111379433,0.004606196284978603
2023-07-31,-0.0029419914699451155,-0.018988458506635997,-0.039655369085030534,0.03273325825695461,0.0038603630503797337,0.017590286915539988,0.009338928924931711,0.003860171215272157
2023-08-31,-0.02049409315490569,-0.02166954495194895,-0.0466715238523161,-0.01625201272366572,0.00496636547958107,0.023663203996667104,-0.030010410598781734,0.004966654106430823
2023-09-30,-0.0543717878406309,-0.06457786910799335,-0.11410505687223627,-0.04743447235723519,0.003991219279481095,-0.012331990974474127,-0.037823225636824054,0.003991028758726811
2023-10-31,-0.04129387216064784,-0.04009628539364929,-0.08013798936041094,-0.021708589051735228,0.004309526064093294,-0.019936417556733255,-0.004491509570213825,-0.07322364485782007
2023-11-30,0.11230388922007939,0.08166580402251733,0.14025728301314433,0.0913438546150167,0.004682063875750098,0.09814749010114232,0.053512734065184864,0.0036823486264674354
2023-12-31,0.06819576949338213,0.07393238782274136,0.1250121695976525,0.04565539266459506,0.004274797847480416,0.06510363880456427,0.023337771648894723,0.004275079950286198
2024-01-31,-0.00798476537672621,-0.012377611061288207,-0.03986156387930517,0.015926452714197126,0.004267650547791657,0.05640028116691376,0.009407067117680246,0.004267368447073094
2024-02-29,-0.027157195490141728,-0.02388201977047666,-0.026221134631794762,0.052186695254101245,0.004443446196568335,0.11490103654837847,0.016056969150733513,0.004443166488259154
2024-03-31,0.01950953561960156,0.012962153261071085,0.011087429729527809,0.03270214795505688,0.004101598451033306,0.04161055385496404,0.030879182086803514,0.004102063711569626
2024-04-30,-0.04918354084013654,-0.05341483288634574,-0.09153241076270802,-0.04031974376591507,0.00432205658637308,-0.05447522211392963,-0.03125618371829342,0.011524205760157447
2024-05-31,0.029597111419347177,0.027944385767643354,0.0396281601450843,0.050579537889341664,0.004572969379670999,0.07343452277181339,0.02588226727443521,0.018037789404308224
2024-06-30,0.0031473157058130585,0.015504428621474053,0.024993319351112042,0.03528033861898572,0.0039929490702452775,0.07503216048895567,-0.002777444635899018,-0.02713593551218485
2024-07-31,0.03235525271219242,0.03476243770136578,0.04042181899801944,0.012109114980911162,0.004508403335269362,-0.016693272790564873,0.04347503814888931,0.0035076728180813976
2024-08-31,0.021900715144254512,0.017629809696087406,0.0283179844142607,0.023365508999098505,0.004616908440264966,0.03779069243851141,0.05225976275466526,0.01992249026936488
2024-09-30,0.027655592248600147,0.021260622258745254,0.025350754724168922,0.02100466682931046,0.004222008652382092,0.0163489254082394,0.01039387461386343,0.050888514912532434
2024-10-31,-0.04393491313348308,-0.04929735293574489,-0.07172729501168229,-0.008923647328876738,0.003948229402556791,0.0019859920111209295,-0.009073717358057065,0.0429934874237099
2024-11-30,0.025551006067781712,0.01754374605254516,0.02539239661265391,0.059633644566613464,0.003707192103379331,0.06617475442236609,0.05600386325152318,-0.031241364603208144
2024-12-31,-0.04483750997517055,-0.04578985064861962,-0.08723721747976465,-0.024060271317689175,0.004031319675392497,-0.016810515389744762,-0.06343677781097035,-0.014088486936242206
2025-01-31,0.00414515145263783,0.007233511262122683,-0.0011813930831687802,0.026856557731721686,0.003499756464375503,0.05294174550503428,0.020611308662848993,0.03698417753269112
2025-02-28,0.03431658943581817,0.04623100749911835,0.07776464981210518,-0.012694940179009073,0.003237857214958506,-0.00239909425024154,0.046033058710363894,-0.04021738072012693
2025-03-31,-0.014245393244484483,-0.00511113541723629,-0.02455415621210366,-0.05571920643497963,0.0032701117042077676,-0.07108088468030194,0.004143694013242882,0.09346585889998327
2025-04-30,-0.0138435940172561,-0.0071580809561343495,-0.0290974196464604,-0.008670166230189347,0.003402218130599044,0.022046877002063203,-0.02375134556003089,0.05424437277239913
2025-05-31,-0.0012410296823274214,-0.025263135082257193,-0.049802160707603904,0.06284493303163585,0.0036321210717562558,0.11398965884558976,0.010377989706131574,-0.0005595776946504261
2025-06-30,0.029990467699569257,0.022606321580957545,0.03745971466071518,0.051386124993305415,0.003347082906284493,0.06969544836867558,-0.00709299118411566,0.004051318985581975
2025-07-31,-0.0021306812826742405,-0.007408242057114212,-0.017325552648298936,0.023031648578059727,0.003565649750312039,0.028629915044123155,-0.002640696024002298,-0.0061345510598058706
2025-08-31,0.007135714365900991,0.00806094578331673,-0.012090541339264238,0.02051948204102305,0.003707851478056412,0.006828619953623161,0.015575483515060995,0.002707590109014113
2025-09-30,0.032923267536314915,0.024297157097328048,0.060418202691450595,0.03562033510828466,0.003302260669225232,0.04095916091847651,0.0015577320855768573,0.003302347542314621
2025-10-31,0.0012803257645144228,0.011554586227960684,0.021699467261112382,0.02383739357630099,0.003510771717333494,0.005286703691803396,-0.03716031056593039,0.034586670754335636
2025-11-30,0.008211421459460633,0.005982743290662507,-0.004195758835148888,0.0019500049129079766,0.0028755896605707765,-0.012982737379416132,0.03803176236240291,0.05367817567023114
2025-12-31,-0.015256397184161719,-0.016074161845427315,-0.04379369336657801,0.0007975029584423865,0.003351938156535228,-0.0042357804827450884,-0.02207908630512656,0.02173350667644791
2026-01-31,0.004746183904684287,-0.0006883536470603246,-0.0024611314308092824,0.014737818820090842,0.002954770524531636,0.004609448521766701,0.03312840426595365,0.12273224230545998
2026-02-28,0.018533120160897365,0.03734434054680946,0.06615263023491957,-0.008642046247570145,0.0026701382269904705,-0.0033369621568892782,0.05278809987586186,0.08720077925273872
2026-03-31,-0.029005008970453106,-0.03765494904527977,-0.06060170363303652,-0.04937956664344334,0.0028783882657490434,-0.05895054405826816,-0.05327214465981689,-0.11051161024305556
2026-04-30,0.0033081818098739113,-0.004973639308601507,-0.01645211484983833,0.10505268686597247,0.0028891944399129788,0.19338150092622186,0.020329560410634384,-0.015408224107347213
2026-05-31,0.015440881861088718,0.004413396815203363,0.009345824727311047,0.05262575303750272,0.0031738338188724846,0.12556994147209233,-0.02878228134951677,0.0021739188556353373
2026-06-30,0.0023309593112121885,0.00855277761102946,0.02134341814446894,-0.010292566443839024,0.0027246014682826836,0.07436006594313249,0.0392146425132307,0.0027245174647507753
2026-07-31,-0.03895451981814968,-0.034474514462222716,-0.07401936689563282,0.00034817917005858234,0.003370750461140881,-0.1096322408761572,0.019634612439265897,0.003370919035780018
2026-08-31,0.007816829816980064,0.008725057199225672,0.011940785324668246,0.0267994025821654,0.0027678474251315865,0.022665608463700027,-0.0183510534024669,0.0027678474251315865
